word,original_word,foundation,vice_virtue
medkänsla,compassion,care,virtue
empati,empathy,care,virtue
vänlighet,kindness,care,virtue
omtänksam,caring,care,virtue
generositet,generosity,care,virtue
välvilja,benevolence,care,virtue
altruism,altruism,care,virtue
medkännande,compassionate,care,virtue
uppfostran,nurture,care,virtue
mildhet,gentleness,care,virtue
vård,nurturance,care,virtue
sympati,sympathy,care,virtue
vårda,nurturing,care,virtue
moderlig,motherly,care,virtue
kärlek,love,care,virtue
välgörenhet,beneficence,care,virtue
känna empati,empathize,care,virtue
hjälpsamhet,helpfulness,care,virtue
kärleksfull,loving,care,virtue
synd,pity,care,virtue
barmhärtighet,mercy,care,virtue
vårdare,nurturer,care,virtue
medkännande,compassionately,care,virtue
vårdare,nurturers,care,virtue
omtänksamt,caringly,care,virtue
empati,empathising,care,virtue
barmhärtig,merciful,care,virtue
empati,empathizing,care,virtue
vårdar,nurtures,care,virtue
varmhjärtad,warmhearted,care,virtue
empati,empathizers,care,virtue
skydd,protectiveness,care,virtue
vårdas,nurtured,care,virtue
välvillig,benevolent,care,virtue
moderskap,mothering,care,virtue
brydde sig,cared,care,virtue
läkning,healing,care,virtue
empati,empathises,care,virtue
human,humane,care,virtue
bekvämlighet,comfort,care,virtue
bedrövad,pitied,care,virtue
älskade,loved,care,virtue
altruist,altruist,care,virtue
bryr sig,cares,care,virtue
synd,pitying,care,virtue
tröstad,comforted,care,virtue
kram,hug,care,virtue
tröstande,comforting,care,virtue
tröstande,consoling,care,virtue
medkänner,empathizes,care,virtue
sympatisera,sympathize,care,virtue
vård,care,care,virtue
vårdgivare,caregiver,care,virtue
empati,empathised,care,virtue
kramar,hugs,care,virtue
läka,heal,care,virtue
generös,generous,care,virtue
beklaga sorgen,condolences,care,virtue
moder,mothered,care,virtue
välgörenhet,charitable,care,virtue
generöst,generously,care,virtue
synd,pities,care,virtue
beklagande,condolence,care,virtue
hjälp,help,care,virtue
tröstande,consolingly,care,virtue
tröst,solace,care,virtue
mor,mother,care,virtue
botemedel,healer,care,virtue
gästfrihet,hospitality,care,virtue
välgörenhet,charity,care,virtue
empati,empathized,care,virtue
läkare,healers,care,virtue
syndigt,pityingly,care,virtue
mammor,mothers,care,virtue
barn,child,care,virtue
kärleksfullt,lovingly,care,virtue
föräldraskap,parenting,care,virtue
räddning,rescuing,care,virtue
räddare,rescuer,care,virtue
älskar,loves,care,virtue
tröstad,consoled,care,virtue
kläda,clothe,care,virtue
sympatiserande,sympathizing,care,virtue
portion,helping,care,virtue
delad,shared,care,virtue
barndom,childhood,care,virtue
mamma,mommy,care,virtue
sårbarhet,vulnerability,care,virtue
sårbarhet,vulnerability,care,virtue
hjälpare,helpers,care,virtue
älskare,lover,care,virtue
gästfri,hospitable,care,virtue
delare,sharer,care,virtue
matning,feeding,care,virtue
ammande,nursed,care,virtue
hjälpare,helper,care,virtue
säkerhet,safeness,care,virtue
sjuksköterskor,nurses,care,virtue
beskyddare,protector,care,virtue
beskyddare,protector,care,virtue
moderskap,motherhood,care,virtue
lindring,alleviation,care,virtue
sjuksköterska,nursemaid,care,virtue
skydda,safeguard,care,virtue
skydda,protect,care,virtue
skydda,protect,care,virtue
hälsosamhet,healthiness,care,virtue
skydd,protecters,care,virtue
patient,patient,care,virtue
sjuksköterska,nurse,care,virtue
sårbar,vulnerable,care,virtue
sårbar,vulnerable,care,virtue
dra nytta,benefit,care,virtue
utfodra,feed,care,virtue
barnomsorg,childcare,care,virtue
räddare,rescuers,care,virtue
kramade,hugged,care,virtue
hjälpsam,helpful,care,virtue
räddar,rescues,care,virtue
amning,nursing,care,virtue
skyddande,protecting,care,virtue
skyddande,protecting,care,virtue
läker,heals,care,virtue
barnbarn,childbearing,care,virtue
kramare,hugger,care,virtue
lättnad,relief,care,virtue
läkt,healed,care,virtue
räddade,rescued,care,virtue
patienter,patients,care,virtue
dela med sig,share,care,virtue
rädda,rescue,care,virtue
friska,healthy,care,virtue
sjukhusvistelse,hospitalise,care,virtue
sjukhusvistelse,hospitalising,care,virtue
kramar,hugging,care,virtue
barnkammare,nursery,care,virtue
friskare,healthier,care,virtue
delning,sharing,care,virtue
hjälper,helps,care,virtue
sympatisörer,sympathizers,care,virtue
sjukhus,hospitalises,care,virtue
lindrande,alleviating,care,virtue
sårad,wounded,care,virtue
sårad,wounded,care,virtue
sår,wounds,care,virtue
sår,wounds,care,virtue
sjukhus,hospitalize,care,virtue
lindra,alleviate,care,virtue
skyddande,protective,care,virtue
skydd,protection,care,virtue
skydd,protection,care,virtue
hälsa,health,care,virtue
lindra,relieve,care,virtue
sympatisör,sympathizer,care,virtue
säkerhet,safety,care,virtue
förmånstagare,beneficiary,care,virtue
hjälpte,helped,care,virtue
sjukhus,hospital,care,virtue
förlossning,childbirth,care,virtue
fördelar,benefits,care,virtue
sjukvård,healthcare,care,virtue
relievers,relievers,care,virtue
matar,feeds,care,virtue
sjukhusvistelse,hospitalization,care,virtue
gynnar,benefitting,care,virtue
lindra,relieving,care,virtue
säker,safe,care,virtue
matare,feeder,care,virtue
gynnades,benefitted,care,virtue
inlagd på sjukhus,hospitalized,care,virtue
oskadlig,unharmful,care,virtue
skyddar,protects,care,virtue
skyddar,protects,care,virtue
oskadd,unharmed,care,virtue
skydd,protecter,care,virtue
säkert,safely,care,virtue
säkert förvar,safekeeping,care,virtue
sjukhusvistelse,hospitalizing,care,virtue
sår,wounding,care,virtue
sår,wounding,care,virtue
lättnad,reliever,care,virtue
aktier,shares,care,virtue
lindrar,relieves,care,virtue
lindrar,alleviates,care,virtue
lättad,relieved,care,virtue
sjukhus,hospitalizes,care,virtue
trösta,console,care,virtue
protektorat,protectorate,care,virtue
lindrat,alleviated,care,virtue
skyddad,protected,care,virtue
skyddad,protected,care,virtue
sår,wound,care,virtue
sår,wound,care,virtue
konsoler,consoles,care,virtue
skada,harm,care,vice
lida,suffer,care,vice
ont,hurt,care,vice
skadad,harmed,care,vice
ont,hurting,care,vice
gör ont,hurts,care,vice
grym,cruel,care,vice
äventyra,endanger,care,vice
skadar,harming,care,vice
skadar,harms,care,vice
lidande,suffering,care,vice
hota,threaten,care,vice
vålla,inflict,care,vice
lidit,suffered,care,vice
skadlig,harmful,care,vice
tillfogat,inflicted,care,vice
misshandla,mistreat,care,vice
hotar,endangers,care,vice
skadligt,damaging,care,vice
skadlig,injurious,care,vice
offer,victimize,care,vice
tillför,inflicts,care,vice
skadlig,hurtful,care,vice
lider,suffers,care,vice
tillför,inflicting,care,vice
skadar,injures,care,vice
sårbar,vulnerable,care,vice
sårbar,vulnerable,care,vice
ovänlig,unkind,care,vice
skada,damage,care,vice
döda,kill,care,vice
dö,die,care,vice
offer,victimizes,care,vice
plåga,torment,care,vice
förstöra,destroy,care,vice
brutalisera,brutalise,care,vice
brutaliserar,brutalises,care,vice
oro,distresses,care,vice
hotar,endangering,care,vice
misshandel,mistreats,care,vice
plåga,afflict,care,vice
ömmande,distressing,care,vice
förstör,destroys,care,vice
offer,victimises,care,vice
misshandel,maltreat,care,vice
smärta,pain,care,vice
hård,harsh,care,vice
misshandlad,mistreated,care,vice
härja,ravage,care,vice
hotad,threatened,care,vice
plåga,harass,care,vice
ovänlighet,unkindness,care,vice
drabbade,afflicted,care,vice
hotar,threatens,care,vice
hotfull,threatening,care,vice
ångest,distress,care,vice
brutalisera,brutalize,care,vice
plåga,tormenting,care,vice
brutaliserad,brutalized,care,vice
offer,victimizing,care,vice
skadegörare,damager,care,vice
skadad,damaged,care,vice
översittare,bully,care,vice
översittare,bully,care,vice
vånda,agony,care,vice
missbrukas,abused,care,vice
kallhjärtad,coldhearted,care,vice
omänsklig,inhuman,care,vice
skadade,injured,care,vice
plågor,torments,care,vice
brutaliserar,brutalizes,care,vice
obarmhärtig,uncompassionate,care,vice
grymhet,cruelty,care,vice
plågade,tormented,care,vice
mishandlar,mistreating,care,vice
hotad,endangered,care,vice
oskäligt,uncaring,care,vice
ångest,anguishes,care,vice
förstöra,destroying,care,vice
dödad,killed,care,vice
missbehandling,mistreatment,care,vice
mobbad,bullied,care,vice
mobbad,bullied,care,vice
hårdare,harsher,care,vice
grymhet,cruelness,care,vice
torteras,tortured,care,vice
plågad,pained,care,vice
tortyr,tortures,care,vice
torterar,torturing,care,vice
misshandlad,maltreated,care,vice
ångest,anguish,care,vice
förföljer,persecutes,care,vice
misshandel,maltreatment,care,vice
brutaliserande,brutalizing,care,vice
attackerade,attacked,care,vice
offer,victim,care,vice
gråt,crying,care,vice
skadestånd,damages,care,vice
obehag,discomforting,care,vice
missbruk,abusing,care,vice
hot,threat,care,vice
förfölja,persecute,care,vice
brutalisering,brutalization,care,vice
våldsam,violent,care,vice
förintad,annihilated,care,vice
plågsam,torturous,care,vice
trakasserier,harasses,care,vice
skadegörare,injurer,care,vice
förstörd,destroyed,care,vice
misshandel,molests,care,vice
antasta,molest,care,vice
skadar,injuring,care,vice
lider,afflicts,care,vice
dödande,killing,care,vice
värk,ache,care,vice
sårad,wounded,care,vice
sårad,wounded,care,vice
förföljda,persecuted,care,vice
härskar,ravages,care,vice
trakasserad,harassed,care,vice
utnyttjas,exploited,care,vice
utnyttjas,exploited,care,vice
skada,injury,care,vice
brutalisering,brutalisation,care,vice
obehag,discomfort,care,vice
obarmhärtig,unmerciful,care,vice
förinta,annihilate,care,vice
exploaterare,exploiters,care,vice
exploaterare,exploiters,care,vice
skadelidare,injurers,care,vice
förstörelse,destruction,care,vice
manhandtag,manhandle,care,vice
dödar,kills,care,vice
förluster,casualties,care,vice
misshandel,maltreating,care,vice
offer,victims,care,vice
trakasserande,harassing,care,vice
behövande,needier,care,vice
kväva,smother,care,vice
trakasserier,harassment,care,vice
smutsar,smothers,care,vice
ohjälpsam,unhelpful,care,vice
pina,agonize,care,vice
omänsklighet,inhumanity,care,vice
tvång,duress,care,vice
mobbing,victimization,care,vice
utnyttjar,exploiting,care,vice
utnyttjar,exploiting,care,vice
grät,cried,care,vice
sår,wounds,care,vice
sår,wounds,care,vice
sår,wounding,care,vice
sår,wounding,care,vice
mördande,murderous,care,vice
härjade,ravaged,care,vice
oavsiktligt,uncaringly,care,vice
möda,pains,care,vice
smärtsamhet,painfulness,care,vice
manhandtag,manhandles,care,vice
mobbar,bullies,care,vice
mobbar,bullies,care,vice
överfallen,assaulted,care,vice
kärlekslös,uncharitable,care,vice
bedrövad,distressed,care,vice
förföljelse,persecution,care,vice
mördad,murdered,care,vice
framfart,ravaging,care,vice
obehag,discomforted,care,vice
utnyttjande,exploitation,care,vice
utnyttjande,exploitation,care,vice
tortyr,torture,care,vice
mördare,murderers,care,vice
värk,aches,care,vice
lidanden,afflictions,care,vice
ogenerös,ungenerous,care,vice
offerizer,victimizer,care,vice
plågsam,agonizing,care,vice
smärtar,paining,care,vice
förföljer,persecuting,care,vice
utnyttja,exploit,care,vice
utnyttja,exploit,care,vice
trakasserier,harassers,care,vice
illvillig,malevolent,care,vice
stick,stabs,care,vice
sorgsen,sorrowful,care,vice
övergrepp,assaults,care,vice
behövande,needy,care,vice
lidande,affliction,care,vice
gråter,cries,care,vice
stridande,fighting,care,vice
bekämpa,fight,care,vice
ge sig på,attack,care,vice
förintar,annihilates,care,vice
sorg,sorrow,care,vice
plågad,agonized,care,vice
överfall,assaulting,care,vice
ogästvänlig,inhospitable,care,vice
hot,threats,care,vice
värkade,ached,care,vice
våldtäktsmän,rapists,care,vice
missbrukare,abuser,care,vice
våldtagen,raped,care,vice
mördare,assassinates,care,vice
knivhuggen,stabbed,care,vice
ogästvänlighet,inhospitality,care,vice
förintelse,annihilation,care,vice
stansa,punch,care,vice
hårdhet,harshness,care,vice
missbrukare,abusers,care,vice
mördare,killer,care,vice
drabbade,sufferers,care,vice
offerförare,victimizers,care,vice
slå,smite,care,vice
mördare,killers,care,vice
obehag,discomforts,care,vice
dödsfall,fatalities,care,vice
trakasserad,molested,care,vice
brutalitet,brutality,care,vice
mord,murdering,care,vice
torterare,torturer,care,vice
torterare,torturers,care,vice
kämpar,fights,care,vice
skadlighet,harmfulness,care,vice
mobbning,bullying,care,vice
mobbning,bullying,care,vice
olycka,casualty,care,vice
lidande person,sufferer,care,vice
exploaterare,exploiter,care,vice
exploaterare,exploiter,care,vice
dödsoffer,fatality,care,vice
slag,punches,care,vice
missbruk,abuses,care,vice
attacker,attacks,care,vice
sårbarhet,vulnerability,care,vice
sårbarhet,vulnerability,care,vice
blodbad,carnage,care,vice
vedermöda,tribulation,care,vice
förintelse,annihilator,care,vice
kvävning,smothering,care,vice
bullyboy,bullyboy,care,vice
mördare,murderer,care,vice
sår,wound,care,vice
sår,wound,care,vice
huggare,stabber,care,vice
plågare,tormenters,care,vice
illvilja,malevolence,care,vice
våldtäkt,raping,care,vice
kvävd,smothered,care,vice
överfall,assault,care,vice
folkmord,genocidal,care,vice
ångest,anguishing,care,vice
värkande,aching,care,vice
plågad,anguished,care,vice
stickande,stabbing,care,vice
våldtäktsman,rapist,care,vice
trakasserier,harasser,care,vice
hunger,hungers,care,vice
hunger,hunger,care,vice
trakasserande,molesting,care,vice
våldta,rape,care,vice
missbrukare,molesters,care,vice
stansade,punched,care,vice
våld,violence,care,vice
oroande,distressingly,care,vice
molester,molester,care,vice
stickande,stabbers,care,vice
armod,neediness,care,vice
mörda,assassinate,care,vice
plågsamt,agonizingly,care,vice
prövningar,tribulations,care,vice
ohjälpsamhet,unhelpfulness,care,vice
angripare,assaulter,care,vice
stans,puncher,care,vice
stansning,punching,care,vice
våldtäkter,rapes,care,vice
folkmord,genocides,care,vice
angripare,attackers,care,vice
plågoande,tormentor,care,vice
mord,assassinations,care,vice
förstörare,destroyers,care,vice
stansare,punchers,care,vice
sorger,sorrows,care,vice
plågare,tormenter,care,vice
hotfullt,threateningly,care,vice
mörda,murder,care,vice
jagare,destroyer,care,vice
mördande,assassinating,care,vice
utropare,crier,care,vice
mördad,assassinated,care,vice
ofredande,molestation,care,vice
angripare,attacker,care,vice
mord,murders,care,vice
folkmord,genocide,care,vice
kämpe,fighter,care,vice
lönnmördare,assassins,care,vice
angripare,assaulters,care,vice
hunger,hungering,care,vice
värkande,achingly,care,vice
hungrig,hungered,care,vice
mörderska,murderess,care,vice
mördare,assassin,care,vice
utnyttjar,exploits,care,vice
utnyttjar,exploits,care,vice
fighters,fighters,care,vice
lönnmord,assassination,care,vice
jämlikhet,equality,fairness,virtue
rättvisa,fairness,fairness,virtue
rättvisa,justice,fairness,virtue
rättigheter,rights,fairness,virtue
rättvis,equitable,fairness,virtue
rättvist spel,fairplay,fairness,virtue
opartiskhet,impartiality,fairness,virtue
likvärdig,equal,fairness,virtue
rättvis,fairminded,fairness,virtue
proportionalitet,proportionality,fairness,virtue
jämlikheter,equalities,fairness,virtue
rättvist,fair,fairness,virtue
integritet,integrity,fairness,virtue
opartisk,impartial,fairness,virtue
ömsesidighet,reciprocity,fairness,virtue
ärlighet,honesty,fairness,virtue
jämlikhetskämpe,egalitarian,fairness,virtue
lag,law,fairness,virtue
rättvisa,justness,fairness,virtue
obetänksamhet,unbias,fairness,virtue
jämställdhet,egalitarians,fairness,virtue
paritet,parity,fairness,virtue
objektivitet,objectiveness,fairness,virtue
ersättningar,reparations,fairness,virtue
fördomsfri,unprejudiced,fairness,virtue
domare,justices,fairness,virtue
lagar,laws,fairness,virtue
domstolar,tribunals,fairness,virtue
vedergällning,retribution,fairness,virtue
gottgörelse,reparation,fairness,virtue
lagligt,lawfully,fairness,virtue
laglig,lawful,fairness,virtue
ärliga,honest,fairness,virtue
ersättning,compensation,fairness,virtue
advokater,lawyers,fairness,virtue
idrott,sportsmanship,fairness,virtue
domstol,tribunal,fairness,virtue
advokat,lawyer,fairness,virtue
proportionell,proportional,fairness,virtue
rättvisa,equity,fairness,virtue
lagstiftning,lawyering,fairness,virtue
förtroende,trust,fairness,virtue
ömsesidig,reciprocal,fairness,virtue
berättigande,justification,fairness,virtue
trovärdighet,trustworthiness,fairness,virtue
opartisk,unbiased,fairness,virtue
hämnd,vengeance,fairness,virtue
hämnd,revenge,fairness,virtue
återbetalningar,retributions,fairness,virtue
är lika med,equals,fairness,virtue
utjämna,equalize,fairness,virtue
domare,refereeing,fairness,virtue
återbetalning,restitution,fairness,virtue
kompenserande,compensating,fairness,virtue
motiverat,justified,fairness,virtue
motiverar,justifies,fairness,virtue
hämnd,retaliation,fairness,virtue
advokat,lawyered,fairness,virtue
kompenseras,compensated,fairness,virtue
domare,referees,fairness,virtue
karma,karma,fairness,virtue
hämnare,avenger,fairness,virtue
litar på,trusting,fairness,virtue
avengers,avengers,fairness,virtue
litar på,trusts,fairness,virtue
kompensera,compensate,fairness,virtue
pålitlig,trustworthy,fairness,virtue
hämnas,retaliate,fairness,virtue
återbetalning,repayment,fairness,virtue
hämnd,payback,fairness,virtue
aktier,equities,fairness,virtue
rättfärdiga,justify,fairness,virtue
avgifter,dues,fairness,virtue
domare,referee,fairness,virtue
återbetalas,repaid,fairness,virtue
utjämnare,equalizer,fairness,virtue
återbetala,repay,fairness,virtue
kompenserar,compensates,fairness,virtue
motiverar,justifying,fairness,virtue
återbetalningar,repayments,fairness,virtue
återbetalning,repaying,fairness,virtue
vedergällning,retaliating,fairness,virtue
svarade,retaliated,fairness,virtue
domare,refereed,fairness,virtue
hämnare,revenger,fairness,virtue
hämnas,avenging,fairness,virtue
återbetalar,repays,fairness,virtue
betrodd,trusted,fairness,virtue
hämnas,avenge,fairness,virtue
vedergäller,retaliates,fairness,virtue
utjämnare,equalizers,fairness,virtue
hämnd,avenged,fairness,virtue
hämnas,avenges,fairness,virtue
fuska,cheat,fairness,vice
orättvis,unfair,fairness,vice
fusk,cheating,fairness,vice
orättvisa,unfairness,fairness,vice
orättvisa,injustice,fairness,vice
bedrägeri,fraud,fairness,vice
oärlig,dishonest,fairness,vice
orättvis,unjust,fairness,vice
lurad,cheated,fairness,vice
bedräglig,fraudulent,fairness,vice
fusk,cheats,fairness,vice
bedrägerier,frauds,fairness,vice
oärlighet,dishonesty,fairness,vice
fuskare,cheaters,fairness,vice
bedrägeri,deception,fairness,vice
orättvisa,injustices,fairness,vice
lura,swindle,fairness,vice
orättvisa,inequity,fairness,vice
hyckleri,hypocrisy,fairness,vice
diskriminering,discrimination,fairness,vice
olika,unequal,fairness,vice
fuskare,cheater,fairness,vice
ojämlikhet,inequities,fairness,vice
bedra,defraud,fairness,vice
rasism,racism,fairness,vice
lurendrejeri,scam,fairness,vice
lögnare,liar,fairness,vice
bedrägerier,defrauds,fairness,vice
svek,betrayal,fairness,vice
svek,deceit,fairness,vice
bedrägerier,defrauded,fairness,vice
olikhet,inequality,fairness,vice
lögnare,liars,fairness,vice
bedragare,defrauders,fairness,vice
hycklare,hypocrite,fairness,vice
partisk,biased,fairness,vice
ripoffs,ripoffs,fairness,vice
bedrägerier,scams,fairness,vice
fläckande,fleecing,fairness,vice
bedragare,defrauder,fairness,vice
diskriminerar,discriminates,fairness,vice
vilseleda,mislead,fairness,vice
ojämlikheter,inequalities,fairness,vice
fördomar,prejudice,fairness,vice
flög,fleeced,fairness,vice
bedrägeri,defrauding,fairness,vice
ripoff,ripoff,fairness,vice
bedrägerier,scamming,fairness,vice
bedragare,imposters,fairness,vice
utnyttjande,exploitation,fairness,vice
utnyttjande,exploitation,fairness,vice
krokig,crooked,fairness,vice
förtrycka,oppress,fairness,vice
förtrycka,oppress,fairness,vice
rasist,racist,fairness,vice
förtryck,oppression,fairness,vice
bedragare,imposter,fairness,vice
lurade,swindled,fairness,vice
hycklare,hypocrites,fairness,vice
plagiat,plagiarism,fairness,vice
ljög,lied,fairness,vice
otillförlitlighet,untrustworthiness,fairness,vice
lura,hoodwink,fairness,vice
lurad,scammed,fairness,vice
utpressning,blackmail,fairness,vice
bilks,bilks,fairness,vice
svindlande,swindling,fairness,vice
svikit,betrayed,fairness,vice
svikit,betrayed,fairness,vice
partiskhet,bias,fairness,vice
känna igen,connive,fairness,vice
skurkar,crooks,fairness,vice
lura,deceive,fairness,vice
friladdare,freeloaders,fairness,vice
favorisering,favoritism,fairness,vice
skillnad,disparity,fairness,vice
svindlar,swindles,fairness,vice
lurad,deceived,fairness,vice
exploaterare,exploiters,fairness,vice
exploaterare,exploiters,fairness,vice
vilseledande,misleading,fairness,vice
diskriminerad,discriminated,fairness,vice
bilked,bilked,fairness,vice
bedra,deceiving,fairness,vice
opålitlig,untrustworthy,fairness,vice
fördomsfull,prejudiced,fairness,vice
bedragare,scammers,fairness,vice
svindlare,swindler,fairness,vice
stöld,theft,fairness,vice
dubbel,duplicitous,fairness,vice
hoodwinked,hoodwinked,fairness,vice
bigott,bigoted,fairness,vice
sexism,sexism,fairness,vice
oproportionerlig,disproportionate,fairness,vice
bedragare,swindlers,fairness,vice
diskriminera,discriminate,fairness,vice
medvetande,conniving,fairness,vice
sexistiska,sexist,fairness,vice
förråda,betraying,fairness,vice
förråda,betraying,fairness,vice
hoodwinking,hoodwinking,fairness,vice
partiskhet,partiality,fairness,vice
vilseleder,misleads,fairness,vice
disproportion,disproportion,fairness,vice
exploaterare,exploiter,fairness,vice
exploaterare,exploiter,fairness,vice
bilk,bilk,fairness,vice
fördomar,biases,fairness,vice
fördjupare,bigots,fairness,vice
misstro,distrust,fairness,vice
dupera,dupe,fairness,vice
skurk,crook,fairness,vice
rasister,racists,fairness,vice
bilking,bilking,fairness,vice
utpressning,blackmailing,fairness,vice
bedrar,deceives,fairness,vice
förrådare,betrayers,fairness,vice
förrådare,betrayers,fairness,vice
bedragare,deceiver,fairness,vice
utpressad,blackmailed,fairness,vice
duperande,duping,fairness,vice
blyg,shyster,fairness,vice
anslutare,connivers,fairness,vice
obalanserad,imbalanced,fairness,vice
sexister,sexists,fairness,vice
tjuv,thieving,fairness,vice
förråda,betray,fairness,vice
förråda,betray,fairness,vice
obalans,imbalance,fairness,vice
oproportioner,disproportions,fairness,vice
oproportionerligt,disproportionately,fairness,vice
snyltare,freeloader,fairness,vice
vilseledare,misleaders,fairness,vice
medvetet,connived,fairness,vice
shysters,shysters,fairness,vice
bedragare,scammer,fairness,vice
ansluter,connives,fairness,vice
conniver,conniver,fairness,vice
missgynnade,disadvantaged,fairness,vice
plagiat,plagiaristic,fairness,vice
moocher,moocher,fairness,vice
dupes,dupes,fairness,vice
särskiljande,discriminating,fairness,vice
lurad,tricked,fairness,vice
segregation,segregation,fairness,vice
tjuv,thief,fairness,vice
förrädare,betrayer,fairness,vice
förrädare,betrayer,fairness,vice
trångsynt,bigot,fairness,vice
utnyttjar,exploiting,fairness,vice
utnyttjar,exploiting,fairness,vice
liggande,lying,fairness,vice
tjuvar,thieves,fairness,vice
stjäla,stealing,fairness,vice
suger,suckered,fairness,vice
bedragare,deceivers,fairness,vice
bambujled,bamboozled,fairness,vice
frilastning,freeload,fairness,vice
bambu,bamboozle,fairness,vice
frilastning,freeloading,fairness,vice
stjäla,steal,fairness,vice
ficktjuv,pickpocketing,fairness,vice
utpressare,blackmailer,fairness,vice
fördomar,prejudicing,fairness,vice
chauvinister,chauvinists,fairness,vice
utnyttja,exploit,fairness,vice
utnyttja,exploit,fairness,vice
missledare,misleader,fairness,vice
hoodwinks,hoodwinks,fairness,vice
obalanser,imbalances,fairness,vice
ficktjuv,pickpocketed,fairness,vice
utnyttjas,exploited,fairness,vice
utnyttjas,exploited,fairness,vice
fickor,pickpockets,fairness,vice
bamboozles,bamboozles,fairness,vice
lurar,tricking,fairness,vice
ficktjuv,pickpocket,fairness,vice
förspänning,biasing,fairness,vice
bambusling,bamboozling,fairness,vice
robs,robs,fairness,vice
moochers,moochers,fairness,vice
förråder,betrays,fairness,vice
förråder,betrays,fairness,vice
rånande,robbing,fairness,vice
utpressningar,blackmails,fairness,vice
utpressare,blackmailers,fairness,vice
stulen,stolen,fairness,vice
misstänksam,distrustful,fairness,vice
mooches,mooches,fairness,vice
oproportionerat,disproportioned,fairness,vice
mooching,mooching,fairness,vice
segregerad,segregated,fairness,vice
rånade,robbed,fairness,vice
vilseledande,misleadingly,fairness,vice
segregerande,segregating,fairness,vice
stola,stole,fairness,vice
utnyttjar,exploits,fairness,vice
utnyttjar,exploits,fairness,vice
misstroar,distrusts,fairness,vice
mooch,mooch,fairness,vice
segregera,segregate,fairness,vice
rånare,robbers,fairness,vice
misstroende,distrusted,fairness,vice
misstroende,distrusting,fairness,vice
rånare,robber,fairness,vice
segregerar,segregates,fairness,vice
skojare,trickster,fairness,vice
mooched,mooched,fairness,vice
bedrägligt,deceivingly,fairness,vice
stjäl,steals,fairness,vice
oöverträffad,unequaled,fairness,vice
spelare,player,loyalty,virtue
patriot,patriot,loyalty,virtue
lojala,loyal,loyalty,virtue
lojalitet,loyalty,loyalty,virtue
patrioter,patriots,loyalty,virtue
efterföljare,follower,loyalty,virtue
trohet,fidelity,loyalty,virtue
trohet,allegiance,loyalty,virtue
trohet,allegiance,loyalty,virtue
alliera,ally,loyalty,virtue
kamrat,comrade,loyalty,virtue
lojaliteter,loyalties,loyalty,virtue
fraktion,faction,loyalty,virtue
kamrater,comrades,loyalty,virtue
troskap,allegiances,loyalty,virtue
troskap,allegiances,loyalty,virtue
offra,sacrifice,loyalty,virtue
allierade,allies,loyalty,virtue
organisation,organization,loyalty,virtue
anhängare,followers,loyalty,virtue
offer,sacrifices,loyalty,virtue
kamratskap,camaraderie,loyalty,virtue
kamratskap,comradery,loyalty,virtue
kompis,fellow,loyalty,virtue
familj,family,loyalty,virtue
lojal,allegiant,loyalty,virtue
lojal,allegiant,loyalty,virtue
kår,corps,loyalty,virtue
enhet,unity,loyalty,virtue
uniter,uniter,loyalty,virtue
följeslagare,companions,loyalty,virtue
land,country,loyalty,virtue
följeslagare,companion,loyalty,virtue
hemland,homeland,loyalty,virtue
offra,sacrificing,loyalty,virtue
odelbar,indivisible,loyalty,virtue
offras,sacrificed,loyalty,virtue
solidaritet,solidarity,loyalty,virtue
trupper,troops,loyalty,virtue
nation,nation,loyalty,virtue
kult,cult,loyalty,virtue
släktskap,kinship,loyalty,virtue
kamratskap,companionship,loyalty,virtue
klick,clique,loyalty,virtue
allierad,allied,loyalty,virtue
gemenskap,community,loyalty,virtue
grupp,group,loyalty,virtue
fraktioner,factions,loyalty,virtue
förtrogenhet,familiarity,loyalty,virtue
solidariteter,solidarities,loyalty,virtue
värva,enlist,loyalty,virtue
sällskap,companionships,loyalty,virtue
fru,wife,loyalty,virtue
förenad,united,loyalty,virtue
tillhör,belongs,loyalty,virtue
församling,congregation,loyalty,virtue
klan,clan,loyalty,virtue
trooper,trooper,loyalty,virtue
sekt,sect,loyalty,virtue
anställd,enlisted,loyalty,virtue
värvning,enlistment,loyalty,virtue
tribalism,tribalism,loyalty,virtue
kohorter,cohorts,loyalty,virtue
krig,war,loyalty,virtue
sammanfogning,joining,loyalty,virtue
trupp,troop,loyalty,virtue
offer-,sacrificial,loyalty,virtue
koalition,coalition,loyalty,virtue
insider,insider,loyalty,virtue
lova,pledge,loyalty,virtue
kohort,cohort,loyalty,virtue
anställa,enlisting,loyalty,virtue
förena,unite,loyalty,virtue
gemenskap,communion,loyalty,virtue
gemenskap,communion,loyalty,virtue
bekanta,familiarities,loyalty,virtue
tillhöra,belong,loyalty,virtue
i grupp,ingroup,loyalty,virtue
tillhörde,belonged,loyalty,virtue
företag,company,loyalty,virtue
kollektiv,collective,loyalty,virtue
kamrater,fellows,loyalty,virtue
klick,cliques,loyalty,virtue
enande,uniting,loyalty,virtue
klaner,clans,loyalty,virtue
hazing,hazing,loyalty,virtue
samlas,congregates,loyalty,virtue
besättning,herd,loyalty,virtue
sekter,sects,loyalty,virtue
uniters,uniters,loyalty,virtue
odelad,undivided,loyalty,virtue
förenas,unites,loyalty,virtue
pledgers,pledgers,loyalty,virtue
koalitioner,coalitions,loyalty,virtue
anlitar,enlists,loyalty,virtue
gruppering,grouping,loyalty,virtue
insiders,insiders,loyalty,virtue
familjer,families,loyalty,virtue
trupp,troupe,loyalty,virtue
gemenskap,fellowship,loyalty,virtue
släkt,kin,loyalty,virtue
pledger,pledger,loyalty,virtue
hord,horde,loyalty,virtue
nationer,nations,loyalty,virtue
stam,tribe,loyalty,virtue
horder,hordes,loyalty,virtue
utfästelser,pledges,loyalty,virtue
herder,herder,loyalty,virtue
kommun,commune,loyalty,virtue
kulter,cults,loyalty,virtue
församlingar,congregations,loyalty,virtue
organisationer,organizations,loyalty,virtue
besättningar,herds,loyalty,virtue
pantsättning,pledging,loyalty,virtue
samhällen,communities,loyalty,virtue
bekant,familiar,loyalty,virtue
faror,hazings,loyalty,virtue
som tillhör,belonging,loyalty,virtue
utlovat,pledged,loyalty,virtue
böjd,bowed,loyalty,virtue
böjd,bowed,loyalty,virtue
kollektivt,collectively,loyalty,virtue
tillsammans,together,loyalty,virtue
grupper,groups,loyalty,virtue
hemländer,homelands,loyalty,virtue
kollektiv,collectives,loyalty,virtue
troopers,troopers,loyalty,virtue
stammar,tribes,loyalty,virtue
företag,companies,loyalty,virtue
länder,countries,loyalty,virtue
trupper,troupes,loyalty,virtue
stipendier,fellowships,loyalty,virtue
stam-,tribal,loyalty,virtue
kommuner,communes,loyalty,virtue
herders,herders,loyalty,virtue
grupperade,grouped,loyalty,virtue
herding,herding,loyalty,virtue
samlas,congregate,loyalty,virtue
herded,herded,loyalty,virtue
samlas,congregating,loyalty,virtue
förrädare,traitor,loyalty,vice
förrädare,traitor,loyalty,vice
illojal,disloyal,loyalty,vice
förräderi,treason,loyalty,vice
förräderi,treason,loyalty,vice
förrädare,traitors,loyalty,vice
förrädare,traitors,loyalty,vice
förråda,betray,loyalty,vice
förråda,betray,loyalty,vice
förråda,betraying,loyalty,vice
förråda,betraying,loyalty,vice
förrädare,betrayer,loyalty,vice
förrädare,betrayer,loyalty,vice
förrådare,betrayers,loyalty,vice
förrådare,betrayers,loyalty,vice
opatriotisk,unpatriotic,loyalty,vice
svikit,betrayed,loyalty,vice
svikit,betrayed,loyalty,vice
förräderi,treachery,loyalty,vice
förräderi,treachery,loyalty,vice
fiender,enemies,loyalty,vice
backstabber,backstabber,loyalty,vice
backstabbed,backstabbed,loyalty,vice
kättare,heretic,loyalty,vice
kättare,heretic,loyalty,vice
kättare,heretic,loyalty,vice
fiende,enemy,loyalty,vice
förråder,betrays,loyalty,vice
förråder,betrays,loyalty,vice
desertör,deserter,loyalty,vice
otrogna,infidels,loyalty,vice
otrogen,infidel,loyalty,vice
backstab,backstab,loyalty,vice
övergivande,deserting,loyalty,vice
avfälling,apostate,loyalty,vice
avfälling,apostate,loyalty,vice
avfälling,apostate,loyalty,vice
kätteri,heresy,loyalty,vice
kätteri,heresy,loyalty,vice
kätteri,heresy,loyalty,vice
ryggstöd,backstabbers,loyalty,vice
kättare,heretics,loyalty,vice
kättare,heretics,loyalty,vice
kättare,heretics,loyalty,vice
otrogen,unfaithful,loyalty,vice
uppror,rebellion,loyalty,vice
uppror,rebellion,loyalty,vice
övergivenhet,desertion,loyalty,vice
deserter,deserters,loyalty,vice
frånfallna,apostates,loyalty,vice
frånfallna,apostates,loyalty,vice
frånfallna,apostates,loyalty,vice
otrohet,unfaithfulness,loyalty,vice
hugga i ryggen,backstabbing,loyalty,vice
rebell,rebel,loyalty,vice
rebell,rebel,loyalty,vice
förrädisk,treacherous,loyalty,vice
förrädisk,treacherous,loyalty,vice
backstabs,backstabs,loyalty,vice
kätterier,heresies,loyalty,vice
kätterier,heresies,loyalty,vice
kätterier,heresies,loyalty,vice
utomstående,outsider,loyalty,vice
utgrupp,outgroup,loyalty,vice
rebeller,rebels,loyalty,vice
rebeller,rebels,loyalty,vice
otrohet,infidelity,loyalty,vice
utgrupper,outgroups,loyalty,vice
uppror,rebellions,loyalty,vice
uppror,rebellions,loyalty,vice
utomstående,outsiders,loyalty,vice
respekt,respect,authority,virtue
lyda,obey,authority,virtue
auktoritet,authority,authority,virtue
lydde,obeyed,authority,virtue
aktning,deference,authority,virtue
vördnad,reverence,authority,virtue
respekterar,respecting,authority,virtue
lydnad,obeying,authority,virtue
tradition,tradition,authority,virtue
ansluta sig,adhere,authority,virtue
lyder,obeys,authority,virtue
vörda,revere,authority,virtue
styra,govern,authority,virtue
följa,comply,authority,virtue
respektfull,respectful,authority,virtue
ära,honor,authority,virtue
följde,adhered,authority,virtue
trohet,allegiance,authority,virtue
trohet,allegiance,authority,virtue
dikterar,dictates,authority,virtue
adel,nobility,authority,virtue
adel,nobility,authority,virtue
förbjuda,forbid,authority,virtue
herravälde,dominion,authority,virtue
styrs,governed,authority,virtue
lydig,obedient,authority,virtue
vördas,reveres,authority,virtue
vidhäftande,adhering,authority,virtue
styr,governs,authority,virtue
styrande,governing,authority,virtue
förtrycka,oppress,authority,virtue
förtrycka,oppress,authority,virtue
respekteras,respected,authority,virtue
med respekt,respectfully,authority,virtue
hedrande,honorable,authority,virtue
diktera,dictate,authority,virtue
bud,commandments,authority,virtue
budord,commandment,authority,virtue
vörda,venerate,authority,virtue
artighet,politeness,authority,virtue
respekterar,respects,authority,virtue
lydnad,obedience,authority,virtue
förbjuder,forbids,authority,virtue
lov,permission,authority,virtue
vördnad,veneration,authority,virtue
hierarki,hierarchy,authority,virtue
förbjöd,forbade,authority,virtue
hedrande,honoring,authority,virtue
rätt,proper,authority,virtue
vördade,venerated,authority,virtue
resning,stature,authority,virtue
samtycka,acquiesce,authority,virtue
efterlevnad,adherence,authority,virtue
uppskattande,deferential,authority,virtue
ledarskap,leadership,authority,virtue
straffa,punish,authority,virtue
förbjuder,forbidding,authority,virtue
vördad,revered,authority,virtue
patriarker,patriarchs,authority,virtue
dekret,decree,authority,virtue
tvinga,coerce,authority,virtue
herravälden,dominions,authority,virtue
diktera,dictating,authority,virtue
vördas,venerating,authority,virtue
vördas,venerates,authority,virtue
institution,institution,authority,virtue
monarkisk,monarchical,authority,virtue
tjänare,servant,authority,virtue
förordningar,decrees,authority,virtue
tillåta,permit,authority,virtue
övervaka,supervise,authority,virtue
plikt,duty,authority,virtue
efterlevnad,compliance,authority,virtue
lionize,lionize,authority,virtue
övervakning,supervision,authority,virtue
plikter,duties,authority,virtue
dikterat,dictated,authority,virtue
äldste,elders,authority,virtue
kejsare,emperors,authority,virtue
kommandon,commands,authority,virtue
övertygad,acquiesced,authority,virtue
kejsare,emperor,authority,virtue
följer,adheres,authority,virtue
tjänare,servants,authority,virtue
föreskrifter,regulations,authority,virtue
förbund,covenant,authority,virtue
hierarkisk,hierarchical,authority,virtue
underlydande,subordinate,authority,virtue
polisarbete,policing,authority,virtue
beslut,decreeing,authority,virtue
medger,acquiesces,authority,virtue
bemyndigande,authorizing,authority,virtue
adeln,nobles,authority,virtue
adeln,nobles,authority,virtue
tillstånd,permits,authority,virtue
matriarkal,matriarchal,authority,virtue
auktoriserar,authorizes,authority,virtue
kontrollera,control,authority,virtue
kommando,command,authority,virtue
underordnande,subordinating,authority,virtue
hierarkier,hierarchies,authority,virtue
vördnadsfull,reverential,authority,virtue
uppriktigt,deferentially,authority,virtue
straffar,punishes,authority,virtue
patriark,patriarch,authority,virtue
imperier,empires,authority,virtue
hedrad,honored,authority,virtue
lojal,allegiant,authority,virtue
lojal,allegiant,authority,virtue
skydda,protect,authority,virtue
skydda,protect,authority,virtue
traditionell,traditional,authority,virtue
underordning,subordination,authority,virtue
straffad,punished,authority,virtue
ädel,noble,authority,virtue
ädel,noble,authority,virtue
ordning,order,authority,virtue
dyrkan,worship,authority,virtue
dyrkan,worship,authority,virtue
monarker,monarchs,authority,virtue
styrande,ruling,authority,virtue
myndigheterna,authorities,authority,virtue
styrning,guiding,authority,virtue
presidenter,presidents,authority,virtue
slaviskt,slavishly,authority,virtue
patriarkat,patriarchy,authority,virtue
underordnade,subordinates,authority,virtue
skydd,protection,authority,virtue
skydd,protection,authority,virtue
arbetsledare,supervisers,authority,virtue
fäder,fathers,authority,virtue
institutioner,institutions,authority,virtue
tvång,coercion,authority,virtue
guvernörer,governors,authority,virtue
befallde,commanded,authority,virtue
polis,police,authority,virtue
godkänna,authorize,authority,virtue
bullys,bullys,authority,virtue
översittare,bully,authority,virtue
översittare,bully,authority,virtue
skyddande,protecting,authority,virtue
skyddande,protecting,authority,virtue
övertygande,acquiescing,authority,virtue
imperium,empire,authority,virtue
mentor,mentor,authority,virtue
chefer,chiefs,authority,virtue
monarkier,monarchies,authority,virtue
högsta betyg,honors,authority,virtue
eftergiven,acquiescent,authority,virtue
troskap,allegiances,authority,virtue
troskap,allegiances,authority,virtue
böjer sig,bowing,authority,virtue
oligarki,oligarchy,authority,virtue
villig,willing,authority,virtue
artig,polite,authority,virtue
övervakning,supervising,authority,virtue
överensstämmande,compliantly,authority,virtue
biskopar,bishops,authority,virtue
monark,monarch,authority,virtue
slavar,slaves,authority,virtue
förrädare,traitors,authority,virtue
förrädare,traitors,authority,virtue
straff,punishments,authority,virtue
auktoriserad,authorized,authority,virtue
beskyddare,protector,authority,virtue
beskyddare,protector,authority,virtue
kompatibla,compliant,authority,virtue
lydig,dutiful,authority,virtue
far,father,authority,virtue
bestraffning,punishment,authority,virtue
tvingar,coerces,authority,virtue
monarki,monarchy,authority,virtue
lydigt,obediently,authority,virtue
äldre,elder,authority,virtue
oligarkier,oligarchies,authority,virtue
diktatorer,dictators,authority,virtue
ledare,leaders,authority,virtue
biskop,bishop,authority,virtue
dyrkar,worships,authority,virtue
dyrkar,worships,authority,virtue
tvingar,coercing,authority,virtue
skydd,protectors,authority,virtue
diktator,dictator,authority,virtue
skyddad,protected,authority,virtue
skyddad,protected,authority,virtue
straffande,punishing,authority,virtue
förrädare,traitor,authority,virtue
förrädare,traitor,authority,virtue
befallande,commanding,authority,virtue
tvingas,coerced,authority,virtue
befälhavare,commanders,authority,virtue
påve,pope,authority,virtue
påve,pope,authority,virtue
straff-,punitive,authority,virtue
underjordiska,underlings,authority,virtue
bemästra,master,authority,virtue
underordnade,subordinated,authority,virtue
president,president,authority,virtue
matriarkat,matriarchy,authority,virtue
lejoniserande,lionizing,authority,virtue
slav,slave,authority,virtue
chef,chief,authority,virtue
förbund,covenants,authority,virtue
befälhavare,commander,authority,virtue
matriark,matriarch,authority,virtue
auktoriserare,authorizer,authority,virtue
guide,guide,authority,virtue
beordrade,ordered,authority,virtue
övervakas,supervised,authority,virtue
kaptener,captains,authority,virtue
bestraffare,punisher,authority,virtue
övervakar,supervises,authority,virtue
bossing,bossing,authority,virtue
kommendant,commandant,authority,virtue
guvernör,governor,authority,virtue
skyddar,protects,authority,virtue
skyddar,protects,authority,virtue
amiral,admiral,authority,virtue
böjd,bowed,authority,virtue
böjd,bowed,authority,virtue
dominera,dominate,authority,virtue
gripa,arrest,authority,virtue
mentorerad,mentored,authority,virtue
beställning,ordering,authority,virtue
skicka in,submit,authority,virtue
institutionell,institutional,authority,virtue
lejoniserar,lionizes,authority,virtue
ranking,ranking,authority,virtue
chef,boss,authority,virtue
kapten,captain,authority,virtue
mentorer,mentors,authority,virtue
mobbar,bullies,authority,virtue
mobbar,bullies,authority,virtue
dominerande,dominant,authority,virtue
arresterad,arrested,authority,virtue
bossad,bossed,authority,virtue
ledare,leader,authority,virtue
rang,rank,authority,virtue
fängslande,arresting,authority,virtue
hövding,chieftain,authority,virtue
regler,regulation,authority,virtue
övervakare,superviser,authority,virtue
dekanus,dean,authority,virtue
arresteringar,arrests,authority,virtue
straffare,punishers,authority,virtue
mobbad,bullied,authority,virtue
mobbad,bullied,authority,virtue
matriarker,matriarchs,authority,virtue
kontrollerande,controlling,authority,virtue
chef,managerial,authority,virtue
chefer,bosses,authority,virtue
rankas,ranks,authority,virtue
kontroller,controls,authority,virtue
diktering,dictation,authority,virtue
guider,guides,authority,virtue
oligarker,oligarchs,authority,virtue
rektorer,principals,authority,virtue
amiraler,admirals,authority,virtue
kast,caste,authority,virtue
kapten,captaining,authority,virtue
drottning,queen,authority,virtue
mentorskap,mentoring,authority,virtue
äldre,elderly,authority,virtue
kastar,castes,authority,virtue
guvernant,governess,authority,virtue
kapten,captained,authority,virtue
rektor,principal,authority,virtue
mobbning,bullying,authority,virtue
mobbning,bullying,authority,virtue
underkastelse,submission,authority,virtue
dominerade,dominated,authority,virtue
drottningar,queens,authority,virtue
underling,underling,authority,virtue
fader,fathered,authority,virtue
dominerar,dominates,authority,virtue
dominerande,dominating,authority,virtue
president-,presidential,authority,virtue
oligark,oligarch,authority,virtue
kontrollerade,controlled,authority,virtue
lämnar in,submits,authority,virtue
lämnar in,submitting,authority,virtue
befallande,commandingly,authority,virtue
slavar,slaving,authority,virtue
fader,fathering,authority,virtue
slavad,slaved,authority,virtue
chefer,managers,authority,virtue
förbjudande,forbiddingly,authority,virtue
styrenheter,controllers,authority,virtue
lämnats,submitted,authority,virtue
ledare,ringleaders,authority,virtue
huvudledare,ringleader,authority,virtue
kontroller,controller,authority,virtue
rankad,ranked,authority,virtue
chef,manager,authority,virtue
inlagor,submissions,authority,virtue
vd,ceo,authority,virtue
straffande,punishingly,authority,virtue
leverantör,submitter,authority,virtue
inlämnade,submitters,authority,virtue
respektlöshet,disrespect,authority,vice
inte lyda,disobey,authority,vice
olydnad,disobedience,authority,vice
anarki,anarchy,authority,vice
kaos,chaos,authority,vice
omstörtning,subversion,authority,vice
omstörta,subvert,authority,vice
laglöshet,lawlessness,authority,vice
undergravande,subverting,authority,vice
respektlöst,disrespecting,authority,vice
upproriskhet,sedition,authority,vice
förräderi,treason,authority,vice
förräderi,treason,authority,vice
störta,overthrow,authority,vice
uppror,insurrection,authority,vice
uppror,rebellion,authority,vice
uppror,rebellion,authority,vice
överträdelse,transgress,authority,vice
förräderi,treachery,authority,vice
förräderi,treachery,authority,vice
meningsskiljaktighet,dissent,authority,vice
vanära,dishonor,authority,vice
oenighet,dissension,authority,vice
respektlöst,disrespects,authority,vice
dårhus,bedlam,authority,vice
rebellerar,rebelling,authority,vice
vanstyre,misrule,authority,vice
överträdelse,transgression,authority,vice
upproriska,insurrectional,authority,vice
tumult,pandemonium,authority,vice
myteri,mutiny,authority,vice
myterier,mutinies,authority,vice
felaktig övertygelse,misruling,authority,vice
olydig,disobedient,authority,vice
subverted,subverted,authority,vice
överträder,transgresses,authority,vice
överträdde,transgressed,authority,vice
oordning,disarray,authority,vice
felaktig,misruled,authority,vice
upplopp,rioting,authority,vice
laglös,lawless,authority,vice
överträder,transgressing,authority,vice
olaglighet,illegality,authority,vice
störta,overthrowing,authority,vice
vanhedrande,dishonorable,authority,vice
vanära,dishonoring,authority,vice
gjorde uppror,rebelled,authority,vice
uppror,rebellions,authority,vice
uppror,rebellions,authority,vice
upplopp,riot,authority,vice
vanärande,dishonouring,authority,vice
orespekterad,disrespected,authority,vice
tolerans,permissiveness,authority,vice
vägran,refuser,authority,vice
ostyrig,unruly,authority,vice
subverts,subverts,authority,vice
olaglighet,unlawfulness,authority,vice
störtad,overthrown,authority,vice
anarkistisk,anarchistic,authority,vice
vanärningar,dishonours,authority,vice
kravaller,riots,authority,vice
vägra,refuse,authority,vice
kaotisk,chaotic,authority,vice
nonkonformism,nonconformity,authority,vice
oliktänkande,dissenters,authority,vice
uppror,uprising,authority,vice
uppror,insurrections,authority,vice
upploppare,rioters,authority,vice
disordering,disordering,authority,vice
uppstudsig,insubordinate,authority,vice
dödade,mutinied,authority,vice
upprorist,insurrectionist,authority,vice
olaglig,unlawful,authority,vice
nonconformists,nonconformists,authority,vice
kätteri,heresy,authority,vice
kätteri,heresy,authority,vice
kätteri,heresy,authority,vice
uppror,uprisings,authority,vice
vanärningar,dishonors,authority,vice
tumult,tumult,authority,vice
störtade,overthrew,authority,vice
störtar,overthrows,authority,vice
renegat,renegade,authority,vice
oartig,impolite,authority,vice
avledare,renegades,authority,vice
vanära,dishonored,authority,vice
olaglig,illegal,authority,vice
upploppare,rioter,authority,vice
upprorisk,mutinous,authority,vice
förvirrad,disarrayed,authority,vice
frånfallna,apostates,authority,vice
frånfallna,apostates,authority,vice
frånfallna,apostates,authority,vice
dissidenter,dissidents,authority,vice
anarkister,anarchists,authority,vice
oordning,disorder,authority,vice
vägrar,refusers,authority,vice
tolerant,permissive,authority,vice
avfälling,apostate,authority,vice
avfälling,apostate,authority,vice
avfälling,apostate,authority,vice
anarkist,anarchist,authority,vice
förrädisk,treacherous,authority,vice
förrädisk,treacherous,authority,vice
dissident,dissident,authority,vice
oordning,disordered,authority,vice
kättare,heretic,authority,vice
kättare,heretic,authority,vice
kättare,heretic,authority,vice
övermakt,overpower,authority,vice
rebell,rebel,authority,vice
rebell,rebel,authority,vice
kättare,heretics,authority,vice
kättare,heretics,authority,vice
kättare,heretics,authority,vice
obehörig,unauthorized,authority,vice
vägrar,refusing,authority,vice
rebeller,rebels,authority,vice
rebeller,rebels,authority,vice
vägrar,refuses,authority,vice
upplopp,rioted,authority,vice
order,orders,authority,vice
dissenter,dissenter,authority,vice
kaotiskt,chaotically,authority,vice
nonconformist,nonconformist,authority,vice
kätterier,heresies,authority,vice
kätterier,heresies,authority,vice
kätterier,heresies,authority,vice
illegala,illegals,authority,vice
olagligt,unlawfully,authority,vice
kättersk,heretical,authority,vice
kättersk,heretical,authority,vice
meningsskiljaktigheter,dissents,authority,vice
traditioner,traditions,authority,vice
avvikande,dissenting,authority,vice
övermakter,overpowers,authority,vice
vägrade,refused,authority,vice
överväldigande,overpowering,authority,vice
stormande,tumultuous,authority,vice
övermäktig,overpowered,authority,vice
avvikande,dissented,authority,vice
avvikande,nonconforming,authority,vice
helighet,sanctity,sanctity,virtue
helig,sacred,sanctity,virtue
helighet,sacredness,sanctity,virtue
renhet,purity,sanctity,virtue
hälsosam,wholesome,sanctity,virtue
renhet,pureness,sanctity,virtue
hälsosamhet,wholesomeness,sanctity,virtue
helighet,holiness,sanctity,virtue
värdighet,dignity,sanctity,virtue
gudfruktig,godly,sanctity,virtue
fromhet,piety,sanctity,virtue
helga,sanctify,sanctity,virtue
kyskhet,chastity,sanctity,virtue
obefläckad,undefiled,sanctity,virtue
helig,holy,sanctity,virtue
helig,sacrosanct,sanctity,virtue
from,pious,sanctity,virtue
rättfärdighet,righteousness,sanctity,virtue
värdigheter,dignities,sanctity,virtue
helgad,sanctified,sanctity,virtue
gudomlighet,godliness,sanctity,virtue
andlighet,spirituality,sanctity,virtue
kysk,chaste,sanctity,virtue
helgar,sanctifies,sanctity,virtue
rättfärdig,righteous,sanctity,virtue
gudomlig,divine,sanctity,virtue
religiös,religious,sanctity,virtue
biblisk,biblical,sanctity,virtue
andlig,spiritual,sanctity,virtue
gudom,deity,sanctity,virtue
helgande,sanctifying,sanctity,virtue
ädel,noble,sanctity,virtue
ädel,noble,sanctity,virtue
anspråkslöshet,modesty,sanctity,virtue
anständighet,decency,sanctity,virtue
skrifterna,scriptures,sanctity,virtue
adel,nobility,sanctity,virtue
adel,nobility,sanctity,virtue
religion,religion,sanctity,virtue
helga,hallow,sanctity,virtue
själ,soul,sanctity,virtue
helgat,hallowed,sanctity,virtue
deism,deism,sanctity,virtue
ren,pristine,sanctity,virtue
exalterad,exalted,sanctity,virtue
helgande,hallowing,sanctity,virtue
evig,eternal,sanctity,virtue
gudar,deities,sanctity,virtue
tro,faith,sanctity,virtue
oförfalskad,unadulterated,sanctity,virtue
skrift,scripture,sanctity,virtue
hälsosamt,wholesomely,sanctity,virtue
gudomligheter,divinities,sanctity,virtue
dyrkan,worship,sanctity,virtue
dyrkan,worship,sanctity,virtue
jungfru,virgin,sanctity,virtue
gud,god,sanctity,virtue
katolicism,catholicism,sanctity,virtue
saintly,saintly,sanctity,virtue
helighet,saintliness,sanctity,virtue
gudinna,goddess,sanctity,virtue
religiositet,religiosity,sanctity,virtue
rena,purify,sanctity,virtue
koraniska,koranic,sanctity,virtue
ren,pure,sanctity,virtue
upphöja,exalt,sanctity,virtue
oskuld,virginity,sanctity,virtue
gudomlighet,divinity,sanctity,virtue
inviger,consecrates,sanctity,virtue
himmel,heaven,sanctity,virtue
jungfrulig,virginal,sanctity,virtue
from,devout,sanctity,virtue
värdig,dignified,sanctity,virtue
tabernakel,tabernacle,sanctity,virtue
upphöjelser,exalts,sanctity,virtue
buddhaer,buddhas,sanctity,virtue
själar,souls,sanctity,virtue
tempel,temple,sanctity,virtue
obefläckad,unsullied,sanctity,virtue
himmelskt,heavenly,sanctity,virtue
renlighet,cleanliness,sanctity,virtue
avhållsamhet,abstinance,sanctity,virtue
fläckfrihet,spotlessness,sanctity,virtue
talmudisk,talmudic,sanctity,virtue
deists,deists,sanctity,virtue
evangelier,gospels,sanctity,virtue
profeter,prophets,sanctity,virtue
religioner,religions,sanctity,virtue
tempel,temples,sanctity,virtue
buddhist,buddhist,sanctity,virtue
gudinnor,goddesses,sanctity,virtue
helgon,saints,sanctity,virtue
uthållighet,temperance,sanctity,virtue
celibat,celibacy,sanctity,virtue
invigd,consecrated,sanctity,virtue
prästerlig,priestly,sanctity,virtue
välsigna,bless,sanctity,virtue
äktenskap,marriage,sanctity,virtue
profet,prophet,sanctity,virtue
upphöjande,exalting,sanctity,virtue
unchaste,unchaste,sanctity,virtue
övernaturlig,supernatural,sanctity,virtue
evigt,eternally,sanctity,virtue
rening,purification,sanctity,virtue
apostlar,apostles,sanctity,virtue
kloster-,monastic,sanctity,virtue
renad,purified,sanctity,virtue
gemenskap,communion,sanctity,virtue
gemenskap,communion,sanctity,virtue
gudar,gods,sanctity,virtue
ogift,celibate,sanctity,virtue
kristna,christians,sanctity,virtue
teologisk,theological,sanctity,virtue
kloster,monasticism,sanctity,virtue
ofördärvad,unspoiled,sanctity,virtue
sterilitet,sterility,sanctity,virtue
kristen,christian,sanctity,virtue
buddha,buddha,sanctity,virtue
deist,deist,sanctity,virtue
profetisk,prophetic,sanctity,virtue
helgon,saint,sanctity,virtue
rättvist,righteously,sanctity,virtue
apostel,apostle,sanctity,virtue
bön,prayer,sanctity,virtue
tro,faiths,sanctity,virtue
helgedom,shrine,sanctity,virtue
renande,purifying,sanctity,virtue
dyrkar,worships,sanctity,virtue
dyrkar,worships,sanctity,virtue
jungfrur,virgins,sanctity,virtue
härlig,glorious,sanctity,virtue
värdigt,dignifies,sanctity,virtue
försoning,atonement,sanctity,virtue
förgudning,deification,sanctity,virtue
ortodoxi,orthodoxy,sanctity,virtue
hallows,hallows,sanctity,virtue
förankring,enshrining,sanctity,virtue
nunnekloster,nunneries,sanctity,virtue
kyrka,church,sanctity,virtue
religiöst,religiously,sanctity,virtue
välsignelser,blessings,sanctity,virtue
helga,consecrate,sanctity,virtue
evangeliet,gospel,sanctity,virtue
be,pray,sanctity,virtue
saliggörande,beatifying,sanctity,virtue
yogis,yogis,sanctity,virtue
teologi,theology,sanctity,virtue
renar,purifies,sanctity,virtue
ortodox,orthodox,sanctity,virtue
orenad,untainted,sanctity,virtue
torah,torah,sanctity,virtue
troget,faithfully,sanctity,virtue
katolik,catholic,sanctity,virtue
himlen,heavens,sanctity,virtue
yogi,yogi,sanctity,virtue
invigande,consecrating,sanctity,virtue
välsignad,blessed,sanctity,virtue
trogen,faithful,sanctity,virtue
koran,koran,sanctity,virtue
nykterhet,abstinence,sanctity,virtue
jesus,jesus,sanctity,virtue
kloster,monastery,sanctity,virtue
renheter,purities,sanctity,virtue
invigning,consecration,sanctity,virtue
katoliker,catholics,sanctity,virtue
böner,prayers,sanctity,virtue
bad,prayed,sanctity,virtue
steril,sterile,sanctity,virtue
välsignar,blesses,sanctity,virtue
förankrad,enshrined,sanctity,virtue
torahs,torahs,sanctity,virtue
organisk,organic,sanctity,virtue
bibeln,bible,sanctity,virtue
ära,glory,sanctity,virtue
allah,allah,sanctity,virtue
härligheter,glories,sanctity,virtue
präster,priests,sanctity,virtue
värdigt,dignifying,sanctity,virtue
förankra,enshrine,sanctity,virtue
moskéer,mosques,sanctity,virtue
fläckfritt,spotlessly,sanctity,virtue
pryd,prude,sanctity,virtue
högvördig,reverend,sanctity,virtue
själslig,soulful,sanctity,virtue
avguda,deify,sanctity,virtue
kristus,christ,sanctity,virtue
katedraler,cathedrals,sanctity,virtue
kyrkor,churches,sanctity,virtue
katedral,cathedral,sanctity,virtue
hedra,dignify,sanctity,virtue
kloster,monasteries,sanctity,virtue
rå,raw,sanctity,virtue
förankrar,enshrines,sanctity,virtue
förfining,refinement,sanctity,virtue
nunnor,nuns,sanctity,virtue
munkar,monks,sanctity,virtue
härligt,gloriously,sanctity,virtue
allsmäktig,almighty,sanctity,virtue
marring,marring,sanctity,virtue
ångra,repent,sanctity,virtue
ber,prays,sanctity,virtue
rena,clean,sanctity,virtue
ortodoxier,orthodoxies,sanctity,virtue
förintar,exterminates,sanctity,virtue
rabbiner,rabbis,sanctity,virtue
skinande rent,spotless,sanctity,virtue
biblar,bibles,sanctity,virtue
moskén,mosque,sanctity,virtue
obefläckad,immaculate,sanctity,virtue
organiska ämnen,organics,sanctity,virtue
renare,purifier,sanctity,virtue
livsmedel,foods,sanctity,virtue
herre,lord,sanctity,virtue
bön-,praying,sanctity,virtue
ångra sig,repenting,sanctity,virtue
gifta sig,marry,sanctity,virtue
upphöjande,elevating,sanctity,virtue
gifta sig,marrying,sanctity,virtue
obefläckat,immaculately,sanctity,virtue
rabbin,rabbi,sanctity,virtue
nunnekloster,nunnery,sanctity,virtue
präst,priest,sanctity,virtue
mat,food,sanctity,virtue
blodighet,bloodiness,sanctity,virtue
gifter sig,marries,sanctity,virtue
synagogor,synagogues,sanctity,virtue
synagoga,synagogue,sanctity,virtue
raffinerad,refined,sanctity,virtue
omvänder sig,repents,sanctity,virtue
ängel,angel,sanctity,virtue
välsignelse,blessing,sanctity,virtue
munk,monk,sanctity,virtue
rabbinska,rabbinical,sanctity,virtue
organiskt,organically,sanctity,virtue
påve,pope,sanctity,virtue
påve,pope,sanctity,virtue
nunna,nun,sanctity,virtue
adeln,nobles,sanctity,virtue
adeln,nobles,sanctity,virtue
profetiskt,prophetically,sanctity,virtue
blod,blood,sanctity,virtue
ångrade sig,repented,sanctity,virtue
pastor,pastor,sanctity,virtue
renare,purifiers,sanctity,virtue
herrar,lords,sanctity,virtue
blodig,bloody,sanctity,virtue
oberörd,untouched,sanctity,virtue
rengöring,cleaning,sanctity,virtue
förintar,exterminating,sanctity,virtue
utrotad,exterminated,sanctity,virtue
imam,imam,sanctity,virtue
rengöringsmedel,cleaners,sanctity,virtue
gift,married,sanctity,virtue
saliggörelse,beatification,sanctity,virtue
beatify,beatify,sanctity,virtue
utrotning,extermination,sanctity,virtue
utrota,exterminate,sanctity,virtue
rengöringsmedel,cleaner,sanctity,virtue
kropp,body,sanctity,virtue
immun,immune,sanctity,virtue
försoning,atoning,sanctity,virtue
imams,imams,sanctity,virtue
rengöras,cleaned,sanctity,virtue
på en gång,atones,sanctity,virtue
mary,mary,sanctity,virtue
förädlar,refines,sanctity,virtue
rengör,cleans,sanctity,virtue
sona,atone,sanctity,virtue
immuniteter,immunities,sanctity,virtue
immunitet,immunity,sanctity,virtue
rostfri,stainless,sanctity,virtue
raffinering,refining,sanctity,virtue
förfina,refine,sanctity,virtue
försonad,atoned,sanctity,virtue
utrotare,exterminator,sanctity,virtue
förintare,exterminators,sanctity,virtue
förorening,impurity,sanctity,vice
degradering,degradation,sanctity,vice
sedefördärv,depravity,sanctity,vice
vanhelga,desecrate,sanctity,vice
vanhelgande,desecration,sanctity,vice
motbjudande,repulsiveness,sanctity,vice
förnedrande,degrading,sanctity,vice
förfall,decay,sanctity,vice
smuts,filth,sanctity,vice
fördärv,depravities,sanctity,vice
orena,defile,sanctity,vice
synd,sin,sanctity,vice
otukt,fornication,sanctity,vice
motbjudande,repulsive,sanctity,vice
depraverad,depraved,sanctity,vice
ogudaktighet,impiety,sanctity,vice
degradera,degrade,sanctity,vice
avsky,repugnance,sanctity,vice
oren,impure,sanctity,vice
försämrad,degraded,sanctity,vice
vanhelningar,desecrations,sanctity,vice
syndighet,sinfulness,sanctity,vice
orenheter,impurities,sanctity,vice
obekvämlighet,indecencies,sanctity,vice
orenade,defiled,sanctity,vice
orenar,defiles,sanctity,vice
orenhet,uncleanliness,sanctity,vice
fördömelse,damnation,sanctity,vice
utsvävningar,debauchery,sanctity,vice
ogudaktig,impious,sanctity,vice
syndig,sinful,sanctity,vice
nekrofiler,necrophiliacs,sanctity,vice
vanhelgar,desecrates,sanctity,vice
sleaziness,sleaziness,sanctity,vice
vanhelgar,desecrating,sanctity,vice
vanhelgade,desecrated,sanctity,vice
grovhet,grossness,sanctity,vice
förorenar,contaminates,sanctity,vice
syndar,sinning,sanctity,vice
promiskuitet,promiscuity,sanctity,vice
befouls,befouls,sanctity,vice
ruttnar,rottenness,sanctity,vice
hedonism,hedonism,sanctity,vice
upprörande,revolting,sanctity,vice
motbjudande,repugnant,sanctity,vice
gudlös,godless,sanctity,vice
avskum,scum,sanctity,vice
befoul,befoul,sanctity,vice
satanisk,satanic,sanctity,vice
sluttiness,sluttiness,sanctity,vice
äcklig,disgusting,sanctity,vice
pest,pestilence,sanctity,vice
avskräckt,debased,sanctity,vice
trashiness,trashiness,sanctity,vice
synder,sins,sanctity,vice
förnedrande,degradingly,sanctity,vice
korrumperande,corrupting,sanctity,vice
fördärva,deprave,sanctity,vice
pervers,perverted,sanctity,vice
förnedra,debase,sanctity,vice
otukt,fornicating,sanctity,vice
nedbrytare,degraders,sanctity,vice
orena,defiling,sanctity,vice
slem,slime,sanctity,vice
fasor,horrors,sanctity,vice
motbjudande,repugnantly,sanctity,vice
defiler,defiler,sanctity,vice
avvikare,deviants,sanctity,vice
försämras,degrades,sanctity,vice
korrumperar,corrupts,sanctity,vice
avtagande,debasing,sanctity,vice
perverser,perverts,sanctity,vice
parasitisk,parasitic,sanctity,vice
avsky,disgusts,sanctity,vice
deflowering,deflowering,sanctity,vice
hedonistisk,hedonistic,sanctity,vice
avvikande,deviant,sanctity,vice
skrämmande,scummy,sanctity,vice
skräckinjagande,horrifying,sanctity,vice
nekrofili,necrophilia,sanctity,vice
förorening,contamination,sanctity,vice
ruttna,rot,sanctity,vice
fläck,stain,sanctity,vice
förorenande,contaminating,sanctity,vice
föroreningar,contaminants,sanctity,vice
smutsig,dirtying,sanctity,vice
debaser,debases,sanctity,vice
förorena,contaminate,sanctity,vice
avsky,abhor,sanctity,vice
kätteri,heresy,sanctity,vice
kätteri,heresy,sanctity,vice
kätteri,heresy,sanctity,vice
äckel,sleaze,sanctity,vice
färgning,staining,sanctity,vice
defilers,defilers,sanctity,vice
sköka,harlot,sanctity,vice
plågor,plagues,sanctity,vice
sullies,sullies,sanctity,vice
otuktare,fornicators,sanctity,vice
skadedjur,vermin,sanctity,vice
störande,befouling,sanctity,vice
incest,incest,sanctity,vice
trashy,trashy,sanctity,vice
utsöndrar,excreting,sanctity,vice
deformeras,deforms,sanctity,vice
avskyr,abhorred,sanctity,vice
förfallen,decayed,sanctity,vice
horor,whores,sanctity,vice
missbildningar,deformities,sanctity,vice
pervers,perverse,sanctity,vice
otrohet,adultery,sanctity,vice
bedriva otukt,fornicate,sanctity,vice
träck,excrement,sanctity,vice
skökor,harlots,sanctity,vice
förfalla,decaying,sanctity,vice
otukt,fornicator,sanctity,vice
oren,unclean,sanctity,vice
kväljande,nauseating,sanctity,vice
dumt,sully,sanctity,vice
kätterier,heresies,sanctity,vice
kätterier,heresies,sanctity,vice
kätterier,heresies,sanctity,vice
satan,satan,sanctity,vice
damns,damns,sanctity,vice
sataniskt,satanically,sanctity,vice
syndade,sinned,sanctity,vice
syndare,sinners,sanctity,vice
otrogen,adulterous,sanctity,vice
avvisar,repulses,sanctity,vice
korruption,corruption,sanctity,vice
fläckar,tainting,sanctity,vice
deformitet,deformity,sanctity,vice
nekrofiliak,necrophiliac,sanctity,vice
förfaller,decays,sanctity,vice
skadad,corrupted,sanctity,vice
deformerar,deforming,sanctity,vice
förorening,contaminant,sanctity,vice
avsky,disgust,sanctity,vice
fläckar,tarnishes,sanctity,vice
helvete,hell,sanctity,vice
snuskig,filthy,sanctity,vice
bismak,taint,sanctity,vice
hemskt,horrific,sanctity,vice
fekal,fecal,sanctity,vice
smutsig,dirtied,sanctity,vice
kött,flesh,sanctity,vice
fläckig,stained,sanctity,vice
deformera,deform,sanctity,vice
rutten,putrid,sanctity,vice
scatalogical,scatalogical,sanctity,vice
smuts,dirties,sanctity,vice
horning,whoring,sanctity,vice
cocksucker,cocksucker,sanctity,vice
plåga,plague,sanctity,vice
äktenskapsbrytare,adulterers,sanctity,vice
utsöndras,excretes,sanctity,vice
angripande,infesting,sanctity,vice
slemmig,slimy,sanctity,vice
utsöndras,excrete,sanctity,vice
scuzz,scuzz,sanctity,vice
skräck,horror,sanctity,vice
missfärgning,tarnish,sanctity,vice
sexualitet,sexuality,sanctity,vice
parasit,parasite,sanctity,vice
obscenitet,obscenity,sanctity,vice
deformerad,deformed,sanctity,vice
äktenskapsbrott,adulterer,sanctity,vice
besvärade,befouled,sanctity,vice
mocka,muck,sanctity,vice
lik,corpses,sanctity,vice
smutsad,soiled,sanctity,vice
hemsöka,infest,sanctity,vice
incestuöst,incestuously,sanctity,vice
incestuös,incestuous,sanctity,vice
jävla,fucker,sanctity,vice
jäkel,devil,sanctity,vice
parasiter,parasites,sanctity,vice
fläckar,stains,sanctity,vice
skanks,skanks,sanctity,vice
lik,corpse,sanctity,vice
hora,whore,sanctity,vice
spetälska,lepers,sanctity,vice
förbannelser,curses,sanctity,vice
korrupt,corrupt,sanctity,vice
patogener,pathogens,sanctity,vice
sjuklig,diseased,sanctity,vice
deflower,deflower,sanctity,vice
hedonister,hedonists,sanctity,vice
syndare,sinner,sanctity,vice
utmanande,debaucherous,sanctity,vice
vara sig,fester,sanctity,vice
hedonist,hedonist,sanctity,vice
sjaskig,sleazy,sanctity,vice
knullar,fucks,sanctity,vice
promiskuös,promiscuous,sanctity,vice
förbannad,cursed,sanctity,vice
förbanna,curse,sanctity,vice
frånfallna,apostates,sanctity,vice
frånfallna,apostates,sanctity,vice
frånfallna,apostates,sanctity,vice
cocksuckers,cocksuckers,sanctity,vice
kättare,heretic,sanctity,vice
kättare,heretic,sanctity,vice
kättare,heretic,sanctity,vice
otukt,lewdness,sanctity,vice
slutty,slutty,sanctity,vice
angrepp,infests,sanctity,vice
festers,festers,sanctity,vice
pervers,pervert,sanctity,vice
knulla,fuck,sanctity,vice
skinkig,skanky,sanctity,vice
smutsig,dirty,sanctity,vice
smutsig,mucky,sanctity,vice
spy,puke,sanctity,vice
alkoholism,alcoholism,sanctity,vice
avföring,feces,sanctity,vice
sullied,sullied,sanctity,vice
motbjudande,disgustingly,sanctity,vice
sexuell,sexual,sanctity,vice
fitta,cunt,sanctity,vice
fläckar,taints,sanctity,vice
vanhelga,profane,sanctity,vice
kättare,heretics,sanctity,vice
kättare,heretics,sanctity,vice
kättare,heretics,sanctity,vice
jävla,fucking,sanctity,vice
fläckar,tarnishing,sanctity,vice
otuktig,fornicated,sanctity,vice
mar,mar,sanctity,vice
skit,shitting,sanctity,vice
slampa,slut,sanctity,vice
obscen,obscene,sanctity,vice
barf,barf,sanctity,vice
rutten,rotten,sanctity,vice
äcklad,disgusted,sanctity,vice
fittor,cunts,sanctity,vice
avfall,waste,sanctity,vice
parasitiskt,parasitically,sanctity,vice
syndigt,sinfully,sanctity,vice
avfall,wastes,sanctity,vice
kräkas,vomit,sanctity,vice
patogen,pathogen,sanctity,vice
råttor,rats,sanctity,vice
sjukdomsalstrande,pathogenic,sanctity,vice
oanständig,indecent,sanctity,vice
infektera,infect,sanctity,vice
spetälsk,leper,sanctity,vice
anständigt,indecently,sanctity,vice
skit,shit,sanctity,vice
avskyr,abhors,sanctity,vice
skank,skank,sanctity,vice
angrepp,infestation,sanctity,vice
deflowered,deflowered,sanctity,vice
spetälska,leprosy,sanctity,vice
sjukdomar,diseases,sanctity,vice
kättersk,heretical,sanctity,vice
kättersk,heretical,sanctity,vice
smuts,dirt,sanctity,vice
förbannelse,cursing,sanctity,vice
fläckar,tarnishment,sanctity,vice
sjukdom,disease,sanctity,vice
prostitution,prostitution,sanctity,vice
angripna,infested,sanctity,vice
avfälling,apostate,sanctity,vice
avfälling,apostate,sanctity,vice
avfälling,apostate,sanctity,vice
slampor,sluts,sanctity,vice
jävlar,fuckers,sanctity,vice
hädelser,profanity,sanctity,vice
missbruk,addiction,sanctity,vice
förorenade,contaminated,sanctity,vice
suddig,scuzzy,sanctity,vice
smittsamhet,infectiousness,sanctity,vice
oanständighet,indecency,sanctity,vice
kräkades,vomited,sanctity,vice
bakterie,germ,sanctity,vice
prostituerad,prostituting,sanctity,vice
utsöndras,excreted,sanctity,vice
skräp,rubbish,sanctity,vice
knullad,fucked,sanctity,vice
sodomi,sodomy,sanctity,vice
orörbara,untouchables,sanctity,vice
epidemier,epidemics,sanctity,vice
svära,swear,sanctity,vice
skit,shits,sanctity,vice
horor,whorehouses,sanctity,vice
svinstyr,pigsty,sanctity,vice
bakterier,germs,sanctity,vice
prostituerad,prostituted,sanctity,vice
lera,mud,sanctity,vice
dynga,dung,sanctity,vice
epidemi,epidemic,sanctity,vice
råtta,rat,sanctity,vice
douchebag,douchebag,sanctity,vice
pervers,perversely,sanctity,vice
pukes,pukes,sanctity,vice
puking,puking,sanctity,vice
prostituerade,prostitutes,sanctity,vice
barfs,barfs,sanctity,vice
sluts,slutting,sanctity,vice
skräp,trashing,sanctity,vice
horade,whored,sanctity,vice
douchebags,douchebags,sanctity,vice
infektion,infection,sanctity,vice
skit,shite,sanctity,vice
skämma bort,spoil,sanctity,vice
äckligt,gross,sanctity,vice
avstötad,repulsed,sanctity,vice
pus,pus,sanctity,vice
festande,festering,sanctity,vice
kackerlackor,cockroaches,sanctity,vice
besvärad,tainted,sanctity,vice
smitta,contagion,sanctity,vice
barfed,barfed,sanctity,vice
smittar,infects,sanctity,vice
förbannad,damned,sanctity,vice
missbruk,addictions,sanctity,vice
skit,shitty,sanctity,vice
skanking,skanking,sanctity,vice
skräp,trash,sanctity,vice
horhus,whorehouse,sanctity,vice
slem,phlegm,sanctity,vice
möglig,moldy,sanctity,vice
plågande,plaguing,sanctity,vice
skit,shat,sanctity,vice
drog,drugged,sanctity,vice
sopor,garbage,sanctity,vice
infekterar,infecting,sanctity,vice
pandemier,pandemics,sanctity,vice
virus,viruses,sanctity,vice
illamående,nauseated,sanctity,vice
kackerlacka,cockroach,sanctity,vice
puked,puked,sanctity,vice
droger,drugging,sanctity,vice
gödsel,manure,sanctity,vice
jävla,mucking,sanctity,vice
oanständig,lewd,sanctity,vice
alkoholister,alcoholics,sanctity,vice
gangrenös,gangrenous,sanctity,vice
barfing,barfing,sanctity,vice
koldbrand,gangrene,sanctity,vice
skit,shitter,sanctity,vice
skitigare,shittier,sanctity,vice
anlupen,tarnished,sanctity,vice
kuk,cock,sanctity,vice
kräkningar,vomits,sanctity,vice
horor,hookers,sanctity,vice
attans,damn,sanctity,vice
missbrukare,addict,sanctity,vice
alkoholhaltig,alcoholic,sanctity,vice
illamående,nausea,sanctity,vice
svär,swearing,sanctity,vice
kräkningar,vomiting,sanctity,vice
skanked,skanked,sanctity,vice
infektioner,infections,sanctity,vice
ojust spel,foul,sanctity,vice
prostituerad,prostitute,sanctity,vice
vågad,risque,sanctity,vice
löss,lice,sanctity,vice
gonorré,gonorrhea,sanctity,vice
slöseri,wasting,sanctity,vice
svordomar,profanities,sanctity,vice
skilsmässor,divorces,sanctity,vice
kass,crappy,sanctity,vice
spridning,spreading,sanctity,vice
slöserier,wasters,sanctity,vice
beroendeframkallande,addicting,sanctity,vice
papperskorgen,trashed,sanctity,vice
missbrukare,addicts,sanctity,vice
skabb,scabies,sanctity,vice
svor,swore,sanctity,vice
äcklig,nauseous,sanctity,vice
flegmatiskt,phlegmatically,sanctity,vice
förstöra,spoiling,sanctity,vice
illamående,nauseatingly,sanctity,vice
läkemedel,drugs,sanctity,vice
virus,virus,sanctity,vice
odåga,waster,sanctity,vice
kastlös,untouchable,sanctity,vice
beroende,addicted,sanctity,vice
fördömande,damning,sanctity,vice
pandemisk,pandemic,sanctity,vice
hora,hooker,sanctity,vice
bm,bm,sanctity,vice
infekterad,infected,sanctity,vice
festerade,festered,sanctity,vice
skadade,marred,sanctity,vice
flegmatisk,phlegmatic,sanctity,vice
skilja sig,divorce,sanctity,vice
viral,viral,sanctity,vice
smittsamt,contagiously,sanctity,vice
plågad,plagued,sanctity,vice
avstötande,repulsing,sanctity,vice
svär,swears,sanctity,vice
drog,drug,sanctity,vice
bortskämd,spoiled,sanctity,vice
sperma,cum,sanctity,vice
skilsmässa,divorcing,sanctity,vice
förlorad,wasted,sanctity,vice
skild,divorced,sanctity,vice
smittsam,contagious,sanctity,vice
